{"id":1,"pizza_id":"bbq_ckn_s","pizza_type_id":"bbq_ckn","size":"S","price":12.75}
{"id":2,"pizza_id":"bbq_ckn_m","pizza_type_id":"bbq_ckn","size":"M","price":16.75}
{"id":3,"pizza_id":"bbq_ckn_l","pizza_type_id":"bbq_ckn","size":"L","price":20.75}
{"id":4,"pizza_id":"cali_ckn_s","pizza_type_id":"cali_ckn","size":"S","price":12.75}
{"id":5,"pizza_id":"cali_ckn_m","pizza_type_id":"cali_ckn","size":"M","price":16.75}
{"id":6,"pizza_id":"cali_ckn_l","pizza_type_id":"cali_ckn","size":"L","price":20.75}
{"id":7,"pizza_id":"ckn_alfredo_s","pizza_type_id":"ckn_alfredo","size":"S","price":12.75}
{"id":8,"pizza_id":"ckn_alfredo_m","pizza_type_id":"ckn_alfredo","size":"M","price":16.75}
{"id":9,"pizza_id":"ckn_alfredo_l","pizza_type_id":"ckn_alfredo","size":"L","price":20.75}
{"id":10,"pizza_id":"ckn_pesto_s","pizza_type_id":"ckn_pesto","size":"S","price":12.75}
{"id":11,"pizza_id":"ckn_pesto_m","pizza_type_id":"ckn_pesto","size":"M","price":16.75}
{"id":12,"pizza_id":"ckn_pesto_l","pizza_type_id":"ckn_pesto","size":"L","price":20.75}
{"id":13,"pizza_id":"southw_ckn_s","pizza_type_id":"southw_ckn","size":"S","price":12.75}
{"id":14,"pizza_id":"southw_ckn_m","pizza_type_id":"southw_ckn","size":"M","price":16.75}
{"id":15,"pizza_id":"southw_ckn_l","pizza_type_id":"southw_ckn","size":"L","price":20.75}
{"id":16,"pizza_id":"thai_ckn_s","pizza_type_id":"thai_ckn","size":"S","price":12.75}
{"id":17,"pizza_id":"thai_ckn_m","pizza_type_id":"thai_ckn","size":"M","price":16.75}
{"id":18,"pizza_id":"thai_ckn_l","pizza_type_id":"thai_ckn","size":"L","price":20.75}
{"id":19,"pizza_id":"big_meat_s","pizza_type_id":"big_meat","size":"S","price":12.0}
{"id":20,"pizza_id":"big_meat_m","pizza_type_id":"big_meat","size":"M","price":16.0}
{"id":21,"pizza_id":"big_meat_l","pizza_type_id":"big_meat","size":"L","price":20.5}
{"id":22,"pizza_id":"classic_dlx_s","pizza_type_id":"classic_dlx","size":"S","price":12.0}
{"id":23,"pizza_id":"classic_dlx_m","pizza_type_id":"classic_dlx","size":"M","price":16.0}
{"id":24,"pizza_id":"classic_dlx_l","pizza_type_id":"classic_dlx","size":"L","price":20.5}
{"id":25,"pizza_id":"hawaiian_s","pizza_type_id":"hawaiian","size":"S","price":10.5}
{"id":26,"pizza_id":"hawaiian_m","pizza_type_id":"hawaiian","size":"M","price":13.25}
{"id":27,"pizza_id":"hawaiian_l","pizza_type_id":"hawaiian","size":"L","price":16.5}
{"id":28,"pizza_id":"ital_cpcllo_s","pizza_type_id":"ital_cpcllo","size":"S","price":12.0}
{"id":29,"pizza_id":"ital_cpcllo_m","pizza_type_id":"ital_cpcllo","size":"M","price":16.0}
{"id":30,"pizza_id":"ital_cpcllo_l","pizza_type_id":"ital_cpcllo","size":"L","price":20.5}
{"id":31,"pizza_id":"napolitana_s","pizza_type_id":"napolitana","size":"S","price":12.0}
{"id":32,"pizza_id":"napolitana_m","pizza_type_id":"napolitana","size":"M","price":16.0}
{"id":33,"pizza_id":"napolitana_l","pizza_type_id":"napolitana","size":"L","price":20.5}
{"id":34,"pizza_id":"pep_msh_pep_s","pizza_type_id":"pep_msh_pep","size":"S","price":11.0}
{"id":35,"pizza_id":"pep_msh_pep_m","pizza_type_id":"pep_msh_pep","size":"M","price":14.5}
{"id":36,"pizza_id":"pep_msh_pep_l","pizza_type_id":"pep_msh_pep","size":"L","price":17.5}
{"id":37,"pizza_id":"pepperoni_s","pizza_type_id":"pepperoni","size":"S","price":9.75}
{"id":38,"pizza_id":"pepperoni_m","pizza_type_id":"pepperoni","size":"M","price":12.5}
{"id":39,"pizza_id":"pepperoni_l","pizza_type_id":"pepperoni","size":"L","price":15.25}
{"id":40,"pizza_id":"the_greek_s","pizza_type_id":"the_greek","size":"S","price":12.0}
{"id":41,"pizza_id":"the_greek_m","pizza_type_id":"the_greek","size":"M","price":16.0}
{"id":42,"pizza_id":"the_greek_l","pizza_type_id":"the_greek","size":"L","price":20.5}
{"id":43,"pizza_id":"the_greek_xl","pizza_type_id":"the_greek","size":"XL","price":25.5}
{"id":44,"pizza_id":"the_greek_xxl","pizza_type_id":"the_greek","size":"XXL","price":35.95}
{"id":45,"pizza_id":"brie_carre_s","pizza_type_id":"brie_carre","size":"S","price":23.65}
{"id":46,"pizza_id":"calabrese_s","pizza_type_id":"calabrese","size":"S","price":12.25}
{"id":47,"pizza_id":"calabrese_m","pizza_type_id":"calabrese","size":"M","price":16.25}
{"id":48,"pizza_id":"calabrese_l","pizza_type_id":"calabrese","size":"L","price":20.25}
{"id":49,"pizza_id":"ital_supr_s","pizza_type_id":"ital_supr","size":"S","price":12.5}
{"id":50,"pizza_id":"ital_supr_m","pizza_type_id":"ital_supr","size":"M","price":16.5}
{"id":51,"pizza_id":"ital_supr_l","pizza_type_id":"ital_supr","size":"L","price":20.75}
{"id":52,"pizza_id":"peppr_salami_s","pizza_type_id":"peppr_salami","size":"S","price":12.5}
{"id":53,"pizza_id":"peppr_salami_m","pizza_type_id":"peppr_salami","size":"M","price":16.5}
{"id":54,"pizza_id":"peppr_salami_l","pizza_type_id":"peppr_salami","size":"L","price":20.75}
{"id":55,"pizza_id":"prsc_argla_s","pizza_type_id":"prsc_argla","size":"S","price":12.5}
{"id":56,"pizza_id":"prsc_argla_m","pizza_type_id":"prsc_argla","size":"M","price":16.5}
{"id":57,"pizza_id":"prsc_argla_l","pizza_type_id":"prsc_argla","size":"L","price":20.75}
{"id":58,"pizza_id":"sicilian_s","pizza_type_id":"sicilian","size":"S","price":12.25}
{"id":59,"pizza_id":"sicilian_m","pizza_type_id":"sicilian","size":"M","price":16.25}
{"id":60,"pizza_id":"sicilian_l","pizza_type_id":"sicilian","size":"L","price":20.25}
{"id":61,"pizza_id":"soppressata_s","pizza_type_id":"soppressata","size":"S","price":12.5}
{"id":62,"pizza_id":"soppressata_m","pizza_type_id":"soppressata","size":"M","price":16.5}
{"id":63,"pizza_id":"soppressata_l","pizza_type_id":"soppressata","size":"L","price":20.75}
{"id":64,"pizza_id":"spicy_ital_s","pizza_type_id":"spicy_ital","size":"S","price":12.5}
{"id":65,"pizza_id":"spicy_ital_m","pizza_type_id":"spicy_ital","size":"M","price":16.5}
{"id":66,"pizza_id":"spicy_ital_l","pizza_type_id":"spicy_ital","size":"L","price":20.75}
{"id":67,"pizza_id":"spinach_supr_s","pizza_type_id":"spinach_supr","size":"S","price":12.5}
{"id":68,"pizza_id":"spinach_supr_m","pizza_type_id":"spinach_supr","size":"M","price":16.5}
{"id":69,"pizza_id":"spinach_supr_l","pizza_type_id":"spinach_supr","size":"L","price":20.75}
{"id":70,"pizza_id":"five_cheese_s","pizza_type_id":"five_cheese","size":"S","price":12.5}
{"id":71,"pizza_id":"five_cheese_m","pizza_type_id":"five_cheese","size":"M","price":15.5}
{"id":72,"pizza_id":"five_cheese_l","pizza_type_id":"five_cheese","size":"L","price":18.5}
{"id":73,"pizza_id":"four_cheese_s","pizza_type_id":"four_cheese","size":"S","price":11.75}
{"id":74,"pizza_id":"four_cheese_m","pizza_type_id":"four_cheese","size":"M","price":14.75}
{"id":75,"pizza_id":"four_cheese_l","pizza_type_id":"four_cheese","size":"L","price":17.95}
{"id":76,"pizza_id":"green_garden_s","pizza_type_id":"green_garden","size":"S","price":12.0}
{"id":77,"pizza_id":"green_garden_m","pizza_type_id":"green_garden","size":"M","price":16.0}
{"id":78,"pizza_id":"green_garden_l","pizza_type_id":"green_garden","size":"L","price":20.25}
{"id":79,"pizza_id":"ital_veggie_s","pizza_type_id":"ital_veggie","size":"S","price":12.75}
{"id":80,"pizza_id":"ital_veggie_m","pizza_type_id":"ital_veggie","size":"M","price":16.75}
{"id":81,"pizza_id":"ital_veggie_l","pizza_type_id":"ital_veggie","size":"L","price":21.0}
{"id":82,"pizza_id":"mediterraneo_s","pizza_type_id":"mediterraneo","size":"S","price":12.0}
{"id":83,"pizza_id":"mediterraneo_m","pizza_type_id":"mediterraneo","size":"M","price":16.0}
{"id":84,"pizza_id":"mediterraneo_l","pizza_type_id":"mediterraneo","size":"L","price":20.25}
{"id":85,"pizza_id":"mexicana_s","pizza_type_id":"mexicana","size":"S","price":12.0}
{"id":86,"pizza_id":"mexicana_m","pizza_type_id":"mexicana","size":"M","price":16.0}
{"id":87,"pizza_id":"mexicana_l","pizza_type_id":"mexicana","size":"L","price":20.25}
{"id":88,"pizza_id":"spin_pesto_s","pizza_type_id":"spin_pesto","size":"S","price":12.5}
{"id":89,"pizza_id":"spin_pesto_m","pizza_type_id":"spin_pesto","size":"M","price":16.5}
{"id":90,"pizza_id":"spin_pesto_l","pizza_type_id":"spin_pesto","size":"L","price":20.75}
{"id":91,"pizza_id":"spinach_fet_s","pizza_type_id":"spinach_fet","size":"S","price":12.0}
{"id":92,"pizza_id":"spinach_fet_m","pizza_type_id":"spinach_fet","size":"M","price":16.0}
{"id":93,"pizza_id":"spinach_fet_l","pizza_type_id":"spinach_fet","size":"L","price":20.25}
{"id":94,"pizza_id":"veggie_veg_s","pizza_type_id":"veggie_veg","size":"S","price":12.0}
{"id":95,"pizza_id":"veggie_veg_m","pizza_type_id":"veggie_veg","size":"M","price":16.0}
{"id":96,"pizza_id":"veggie_veg_l","pizza_type_id":"veggie_veg","size":"L","price":20.25}
